{"樊口":[114.343913, 30.500317], "柴桑":[115.990301, 29.727593],"赤壁战场":[113.630759,29.878782], "新野":[112.466113, 32.300931], "长坂坡":[111.78763, 30.826522], "江陵": [112.424664, 30.041822],"乌林":[113.601305,29.914486],"襄阳":[112.144146, 32.042426],"华容":[112.815,30.033924]}