{
    "行者": 0.11434681762329807,
    "八戒": 0.05291926933487238,
    "师父": 0.04784903527798092,
    "三藏": 0.042335464672402276,
    "大圣": 0.02958259300974848,
    "唐僧": 0.027373244094065368,
    "沙僧": 0.024762812896742682,
    "菩萨": 0.024743044979208522,
    "妖精": 0.021676062487425426,
    "和尚": 0.01972600361007597,
    "那怪": 0.017739121602178918,
    "甚么": 0.017620438607036847,
    "那里": 0.016948254683636352,
    "长老": 0.016288939509836908,
    "呆子": 0.01524292106974618,
    "悟空": 0.015161589600801106,
    "不知": 0.014664561017231615,
    "怎么": 0.014496792607502048,
    "徒弟": 0.014302894810439039,
    "一个": 0.01397278196963997,
    "老孙": 0.013749723753644943,
    "国王": 0.01316538316961537,
    "闻言": 0.012441492821126688,
    "大王": 0.012428261818271832,
    "只见": 0.012046506880277854,
    "两个": 0.010989853813092273,
    "小妖": 0.01076918276243122,
    "我们": 0.010682428677568823,
    "不曾": 0.01065411126791102,
    "这里": 0.01019295276756544,
    "真个": 0.010074940000499823,
    "取经": 0.009676868702741268,
    "孙行者": 0.009105135404057992,
    "原来": 0.009081654178718852,
    "宝贝": 0.00893610055537068,
    "不敢": 0.008615212251027373,
    "不是": 0.008468169713770334,
    "妖怪": 0.008288774012162521,
    "铁棒": 0.008208693543470395,
    "正是": 0.008156778062372864
}